Country,PageRank
Spain,0.016915
France,0.016773
Germany,0.016574
Brazil,0.016509
Italy,0.015977
England,0.014935
Portugal,0.014897
Netherlands,0.014341
Belgium,0.014093
Poland,0.014025
